{
  "modelVersion": "v4-logreg",
  "trainedAt": "2026-03-06T20:21:16.915Z",
  "featureNames": [
    "runs",
    "wickets",
    "balls",
    "ballsRemaining",
    "rr",
    "targetRuns",
    "runsNeeded",
    "rrr",
    "runsLast6",
    "wktsLast6",
    "dotsLast6",
    "boundariesLast6",
    "runsLast12",
    "wktsLast12",
    "dotsLast12",
    "boundariesLast12",
    "runsThisBallTotal",
    "isWicketThisBall",
    "isBoundaryThisBall",
    "isChase",
    "isPowerplay",
    "isDeath",
    "wicketsInHand",
    "rrDelta",
    "rrLast12",
    "dotRateLast12",
    "boundaryRateLast12",
    "ballsRemainingFrac"
  ],
  "standardize": true,
  "mean": [
    68.02799037331904,
    2.793146122523468,
    59.2529513077002,
    60.7470486922998,
    6.753718994836039,
    69.83136769586989,
    40.316306046331256,
    4.3853428867492825,
    6.733287329052274,
    0.3234633239423768,
    2.5044027237575994,
    0.7924560583075747,
    13.01856329770853,
    0.6135925541500804,
    4.891443203722925,
    1.5328037138001438,
    1.112600230401606,
    0.05668791988411483,
    0.12920169265338247,
    0.4639740855223387,
    0.32932031526239547,
    0.20397385740193674,
    7.206853877476532,
    1.2614898222575361,
    6.509281648854265,
    0.40762026697690384,
    0.12773364281665958,
    0.5062254057691397
  ],
  "std": [
    46.1392888092435,
    2.298339158674845,
    33.525411069803795,
    33.525411069803795,
    2.4196451529216993,
    79.93404251048338,
    54.89440231189547,
    7.518553252215223,
    4.286750665879627,
    0.5515461534860298,
    1.433121415449202,
    0.9179993115693622,
    6.951246103261619,
    0.7665643079768825,
    2.336503762877263,
    1.4001764828580552,
    1.4775046456557535,
    0.2312576542157496,
    0.3354315403762692,
    0.49870616248019,
    0.4699724973102452,
    0.4029568536561761,
    2.298339158674845,
    6.427404028167211,
    3.4756236669531697,
    0.19472318964620605,
    0.11670563972793467,
    0.27938863129071434
  ],
  "intercept": 0.04012622500377857,
  "coeff": [
    0.043930438633861764,
    0.007197712792759643,
    -0.015783790984370355,
    0.015783790984370355,
    0.0023627563115681646,
    0.05024992241610181,
    0.00014497732571093448,
    -0.0010309448229078523,
    -0.004173466479795993,
    -0.0049668130202681965,
    -0.007988057695282264,
    -0.002221797844061586,
    0.002774703268758561,
    0.009493479638015506,
    -0.014227966989567294,
    0.007656228234013758,
    0.0007014765973179797,
    -0.000408924377891434,
    0.0018818488721426092,
    -0.04068604486514577,
    0.002429214585516434,
    -0.006796802175321463,
    -0.007197712792759643,
    -0.000007512337972622408,
    0.0027747027775267413,
    -0.01422690438566278,
    0.007654636303823713,
    0.01578321442269638
  ],
  "metrics": {
    "brier": 0.25020381450277324,
    "logloss": 0.6935563387003613,
    "accuracy": 0.5060597776562785
  },
  "notes": "group split by matchId"
}
